
--INSERT INTO owner (id , name, email, phone) VALUES (1 ,'rania' , 'ghdhrxfdhd' , '304225');
--INSERT INTO owner (id , name, email, phone) VALUES (2 ,'malek' , 'dthfthd' , '425287');
--INSERT INTO owner (id , name, email, phone) VALUES (3 ,'houaria' , 'ghdhgsrsrxfdhd' , '8575225');

--INSERT INTO address (id , door_number, street_name, city) VALUES (1 ,'52' , 'med Khmisti' , 'oran');
--INSERT INTO address (id , door_number, street_name, city) VALUES (2 ,'53' , 'amir aek' , 'oran');
--INSERT INTO address (id , door_number, street_name, city) VALUES (3 ,'54' , 'bab ezzouar' , 'alger');
--INSERT INTO address (id , door_number, street_name, city) VALUES (4 ,'55' , 'mouzaya' , 'blida');
--INSERT INTO address (id , door_number, street_name, city) VALUES (5 ,'554' , 'lsflsjq' , 'Chrea');
--INSERT INTO address (id , door_number, street_name, city) VALUES (6 ,'35' , 'mhaji el hbib' , 'Chlef');



--INSERT INTO real_estate (id , name, description,occupied , photos, type, price, address_id , owner_id) VALUES (1 ,'fgdfg' , 'great real estate' , 'true', 'dtdtgd', 'RENT' , 1000 , 1 , 1);
--INSERT INTO house (id , name, description,occupied , photos, type, price, address_id , owner_id) VALUES (2 ,'rgegrg' , 'no no house' , 'true', 'dtdzefzetgd', 'RENT' , 10500 , 2 , 1);
--INSERT INTO real_estate (id , name, description,occupied , photos, type, price, address_id , owner_id) VALUES (3 ,'fgdregregfg' , 'medim real estate' , 'false', 'reeez', 'SALE' , 100240 , 3 , 2);
--INSERT INTO house (id , name, description,occupied , photos, type, price, address_id , owner_id) VALUES (4 ,'fgrzegdfg' , 'big big' , 'true', 'dtdezfezftgd', 'COLLOCATION' , 100450 , 4 , 3);

--INSERT INTO house (id , name, description,occupied , photos, type, price, address_id, owner_id,number_of_floors) VALUES (5 ,'drgrsgse' , 'this is a house' , 'true', 'dzfrzetdtgd', 'RENT' , 10000 , 5 , 1,2 );
--INSERT INTO house (id , name, description,occupied , photos, type, price, address_id, owner_id,number_of_floors) VALUES (6 ,'srgsegegh' , 'medim house2' , 'false', 'efzef', 'SALE' , 10240 ,6  , 3,1 );

--INSERT INTO flat (floor , number_of_rooms , id ) VALUES (5 ,3 , 2 );
--INSERT INTO flat (floor , number_of_rooms , id ) VALUES (1 ,1 , 4 );

--INSERT INTO flat ( id,name, description,occupied , photos, type, price, address_id , owner_id ,floor , number_of_rooms ) VALUES (2 ,'rgegrg' , 'no no house' , 'true', 'dtdzefzetgd', 'RENT' , 10500 , 2 , 1,5, 3);
--INSERT INTO flat ( id,name, description,occupied , photos, type, price, address_id , owner_id, floor , number_of_rooms) VALUES (4 ,'fgrzegdfg' , 'big big' , 'true', 'dtdezfezftgd', 'COLLOCATION' , 100450 , 4 , 3,1,1);













